id,color,com_1,com_2,com_3,compline,lauds,little_hours,matins,nobility,octave,office_type,prime,rank_numeric,rank_verbose,mass_Ad Primam Missam,mass_Ad Secundam Missam,mass_Ad Tertiam Missam,mass_cre,mass_glo,mass_int,mass_pre,mass_seq,vespers_oration,vespers_proper,vespers_propers,vespers_admag_1,vespers_admag_2
100000,white,,,,,,,"{""lessons"": 9}","[0, 0, 0, 0, 0, 0]",,False,,22,s,,,,True,True,In medio,Communis,,"Deus, qui populo",False,,O Doctor,O Doctor
100,white,"{""id"": 27400, ""mass"": {""int"": ""L\u00e6tabitur"", ""glo"": true, ""cre"": false, ""pre"": ""Communis""}, ""matins"": {""lessons"": 9}}",,,,,,"{""lessons"": 9}","[4, 2, 6, 8, 3, 0]",,False,,15,d,,,,True,True,In medio,Communis,,"Deus, qui populo",False,,O Doctor,O Doctor
200,white,"{""id"": 27500, ""mass"": {""int"": ""Os justi"", ""glo"": true, ""cre"": false, ""pre"": ""Communis""}}",,,,,,"{""lessons"": 9}","[4, 2, 6, 8, 3, 0]",,False,,15,"d, mtv",,,,False,True,Justus ut palma,Communis,,,False,,firstVespers,secondVespers
300,red,,,,,,,"{""lessons"": 9}","[5, 2, 6, 7, 3, 0]",,False,,16,sd,,,,False,True,Si diligis,de Apostolis,,,False,,firstVespers,secondVespers
400,white,,,,,,,"{""lessons"": 9}","[4, 2, 6, 8, 3, 0]",,False,,15,d,,,,False,True,Os justi,Communis,,,False,,firstVespers,secondVespers
500,white,"{""id"": 27600, ""mass"": false}","{""id"": 27700, ""mass"": {""int"": ""Me expectaverunt"", ""glo"": true, ""cre"": true, ""pre"": ""Communis""}}",,,,,"{""lessons"": 9}","[0, 0, 0, 0, 0, 0]",,False,,14,dm,,,,True,True,Statuit ei,de Apostolis,,,False,,firstVespers,secondVespers
600,red,"{""id"": 27800, ""mass"": {""int"": ""In virtute"", ""glo"": true, ""cre"": false, ""pre"": ""Communis""}}",,,,,,"{""lessons"": 3}","[5, 2, 6, 7, 3, 0]",,False,,22,s,,,,False,True,Justi epulentur,Communis,,,False,,firstVespers,secondVespers
700,red,,,,,,,"{""lessons"": 9}","[5, 2, 6, 7, 3, 0]",,False,,15,d,,,,False,True,Intret in conspectu,de Apostolis,,,False,,firstVespers,secondVespers
800,red,,,,,,,"{""lessons"": 9}","[5, 2, 6, 7, 3, 0]",,False,,15,d,,,,False,True,Me expectaverunt,Communis,,,False,,firstVespers,secondVespers
900,red,,,,,,,"{""lessons"": 9}","[5, 2, 6, 7, 3, 0]",,False,,16,sd,,,,False,True,Intret,Communis,,,False,,firstVespers,secondVespers
1000,white,"{""id"": 27900, ""mass"": {""int"": ""Me expectaverunt"", ""glo"": true, ""cre"": false, ""pre"": ""Communis""}}",,,,,,"{""lessons"": 9}","[4, 2, 6, 8, 3, 0]",,False,,16,"sd, mtv",,,,False,True,Os justi,Communis,,,False,,firstVespers,secondVespers
1100,red,,,,,,,"{""lessons"": 9}","[0, 0, 0, 0, 0, 0]",,False,,15,d,,,,False,True,Statuit,Communis,,,False,,firstVespers,secondVespers
1200,white,"{""id"": 28000, ""mass"": false}",,,,,,"{""lessons"": 9}","[0, 0, 0, 0, 0, 0]",,False,,14,dm,,,,True,True,"Scio, cui credidi",de Apostolis,,,False,,firstVespers,secondVespers
1300,red,,,,,,,"{""lessons"": 9}","[5, 2, 6, 7, 3, 0]",,False,,15,d,,,,False,True,Sacerdotes Dei,Communis,,,False,,firstVespers,secondVespers
1400,white,,,,,,,"{""lessons"": 9}","[4, 2, 6, 8, 3, 0]",,False,,15,"d, mtv",,,,True,True,In medio,Communis,,,False,,firstVespers,secondVespers
1500,white,"{""id"": 28100, ""mass"": {""int"": ""Vultum tuum"", ""glo"": true, ""cre"": false, ""pre"": ""Communis""}}",,,,,,"{""lessons"": 9}","[4, 2, 6, 8, 3, 0]",,False,,15,"d, mtv",,,,False,True,Justus,Communis,,,False,,firstVespers,secondVespers
1600,white,,,,,,,"{""lessons"": 9}","[4, 2, 6, 8, 3, 0]",,False,,15,"d, mtv",,,,True,True,In medio,Communis,,,False,,firstVespers,secondVespers
1700,red,,,,,,,"{""lessons"": 9}","[5, 2, 6, 7, 3, 0]",,False,,16,sd,,,,False,True,Loquebar,Communis,,,False,,firstVespers,secondVespers
1800,white,,,,,,,"{""lessons"": 9}","[4, 2, 6, 8, 3, 0]",,False,,15,d,,,,False,True,Dedit illi,Communis,,,False,,firstVespers,secondVespers
1900,red,,,,,,,"{""lessons"": 9}","[5, 2, 6, 7, 3, 0]",,False,,15,d,,,,False,True,Mihi autem,Communis,,,False,,firstVespers,secondVespers
2000,white,,,,,,,"{""lessons"": 9}","[0, 0, 0, 0, 0, 0]",,False,,10,d II cl,,,,True,True,Suscepisimus,de Nativitate,,,False,,firstVespers,secondVespers
2100,red,,,,,,,"{""lessons"": 3}","[8, 2, 6, 7, 3, 0]",,False,,22,s,,,,False,True,Sacerdotes Dei,Communis,,,False,,firstVespers,secondVespers
2200,white,,,,,,,"{""lessons"": 9}","[4, 2, 6, 8, 3, 0]",,False,,15,d,,,,False,True,Statuit,Communis,,,False,,firstVespers,secondVespers
2300,red,,,,,,,"{""lessons"": 9}","[4, 2, 6, 7, 3, 0]",,False,,15,d,,,,False,True,Gaudeamus,Communis,,,False,,firstVespers,secondVespers
2400,white,"{""id"": 28200, ""mass"": {""int"": """", ""glo"": true, ""cre"": false, ""pre"": ""Communis""}}",,,,,,"{""lessons"": 9}","[4, 2, 6, 8, 3, 0]",,False,,15,"d, mtv",,,,False,True,Statuit ei,Communis,,,False,,firstVespers,secondVespers
2500,white,,,,,,,"{""lessons"": 9}","[4, 2, 6, 8, 3, 0]",,False,,15,"d, mtv",,,,False,True,Os justi,Communis,,,False,,firstVespers,secondVespers
2600,white,,,,,,,"{""lessons"": 9}","[4, 2, 6, 8, 3, 0]",,False,,15,"d, mtv",,,,False,True,Os justi,Communis,,,False,,firstVespers,secondVespers
2700,white,"{""id"": 28300, ""mass"": {""int"": """", ""glo"": true, ""cre"": false, ""pre"": ""Communis""}}",,,,,,"{""lessons"": 9}","[4, 2, 6, 8, 3, 0]",,False,,15,"d, mtv",,,,True,True,In medio,Communis,,,False,,firstVespers,secondVespers
2800,white,,,,,,,"{""lessons"": 9}","[0, 0, 0, 0, 0, 0]",,False,,15,d,,,,False,True,Dilexisti,Communis,,,False,,firstVespers,secondVespers
2900,white,,,,,,,"{""lessons"": 9}","[0, 0, 0, 0, 0, 0]",,False,,14,dm,,,,True,True,Vidi civitatem,de B Maria Virg,,,False,,firstVespers,secondVespers
3000,white,,,,,,,"{""lessons"": 9}","[4, 2, 6, 8, 3, 0]",,False,,15,d,,,,False,True,Justi decantaverunt,Communis,,,False,,firstVespers,secondVespers
3100,red,,,,,,,"{""lessons"": 3}","[8, 2, 6, 7, 3, 0]",,False,,22,s,,,,False,True,In virtute,Communis,,,False,,firstVespers,secondVespers
3200,red,,,,,,,"{""lessons"": 3}","[8, 2, 6, 7, 3, 0]",,False,,22,s,,,,False,True,Salus autem,Communis,,,False,,firstVespers,secondVespers
3300,red,,,,,,,"{""lessons"": 3}","[8, 2, 6, 7, 3, 0]",,False,,22,s,,,,False,True,Statuit,Communis,,,False,,firstVespers,secondVespers
3400,white,,,,,,,"{""lessons"": 9}","[0, 0, 0, 0, 0, 0]",,False,,14,dm,,,,True,True,Statuit ei Dominus,Communis,,,False,,firstVespers,secondVespers
3500,white,"{""id"": 27300}",,,,,,"{""lessons"": 9}","[4, 2, 6, 8, 3, 0]",,False,,15,d,,,,True,True,In medio,Communis,,,False,,firstVespers,secondVespers
3600,red,,,,,,,"{""lessons"": 9}","[0, 0, 0, 0, 0, 0]",,False,,10,d II cl,,,,True,True,Mihi autem,de Apostolis,,,False,,firstVespers,secondVespers
3700,white,,,,,,,"{""lessons"": 9}","[4, 2, 6, 8, 3, 0]",,False,,15,d,,,,False,True,Oculus Dei,Communis,,,False,,firstVespers,secondVespers
3800,white,"{""id"": 28400, ""mass"": {""int"": ""Si diligis me"", ""glo"": true, ""cre"": false, ""pre"": ""de Apostolis""}}",,,,,,"{""lessons"": 9}","[4, 2, 6, 8, 3, 0]",,False,,16,sd,,,,False,True,Os iusti,Communis,,,False,,firstVespers,secondVespers
3900,red,,,,,,,"{""lessons"": 9}","[4, 2, 6, 7, 3, 0]",,False,,15,d,,,,False,True,Me expectaverunt,Communis,,,False,,firstVespers,secondVespers
4000,white,,,,,,,"{""lessons"": 9}","[4, 2, 6, 8, 3, 0]",,False,,15,d,,,,True,True,In medio ecclesiae,Communis,,,False,,firstVespers,secondVespers
4100,white,,,,,,,"{""lessons"": 9}","[4, 2, 6, 8, 3, 0]",,False,,15,d,,,,False,True,Os iusti,Communis,,,False,,firstVespers,secondVespers
4200,white,,,,,,,"{""lessons"": 9}","[0, 0, 0, 0, 0, 0]",,False,,15,d,,,,False,True,Cognovi,Communis,,,False,,firstVespers,secondVespers
4300,red,,,,,,,"{""lessons"": 9}","[5, 2, 6, 7, 3, 0]",,False,,16,sd,,,,False,True,Clamaverunt iusti,Communis,,,False,,firstVespers,secondVespers
4400,white,,,,,,,"{""lessons"": 9}","[4, 2, 6, 8, 3, 0]",,False,,15,d,,,,True,True,Si diligis me,de Apostolis,,,False,,firstVespers,secondVespers
4500,white,,,,,,,"{""lessons"": 9}","[4, 2, 6, 8, 3, 0]",,False,,15,d,,,,False,True,Statuit,Communis,,,False,,firstVespers,secondVespers
4600,white,,,,,,,"{""lessons"": 9}","[4, 2, 6, 8, 3, 0]",,False,,15,d,,,,True,True,In medio ecclesiae,Communis,,,False,,firstVespers,secondVespers
4700,white,,,,,,,"{""lessons"": 9}","[0, 0, 0, 0, 0, 0]",,False,,2,d I cl,,,,True,True,Justus ut palma,De Sancto Ioseph,,,False,,firstVespers,secondVespers
4800,white,,,,,,,"{""lessons"": 9}","[4, 2, 6, 8, 3, 0]",,False,,14,dm,,,,False,True,Os iusti,Communis,,,False,,firstVespers,secondVespers
4900,white,,,,,,,"{""lessons"": 9}","[0, 0, 0, 0, 0, 0]",,False,,14,dm,,,,True,True,Benedicite Dominum,Communis,,,False,,firstVespers,secondVespers
5000,white,,,,,,,"{""lessons"": 9}","[1, 2, 6, 2, 1, 0]",,False,,2,d I cl,,,,True,True,Vultum tuum,De B Maria Virg,,,False,,firstVespers,secondVespers
5100,white,,,,,,,"{""lessons"": 9}","[4, 2, 6, 8, 3, 0]",,False,,15,d,,,,True,True,Tenuisti manum,Communis,,,False,,firstVespers,secondVespers
5200,white,,,,,,,"{""lessons"": 9}","[4, 2, 6, 8, 3, 0]",,False,,16,sd,,,,False,True,Ego autem,Communis,,,False,,firstVespers,secondVespers
5300,white,,,,,,,"{""lessons"": 9}","[4, 2, 6, 8, 3, 0]",,False,,15,d,,,,False,True,Justus ut palma,Communis,,,False,,firstVespers,secondVespers
5400,white,,,,,,,"{""lessons"": 9}","[4, 2, 6, 8, 3, 0]",,False,,15,d,,,,True,True,In medio ecclesiae,Communis,,,False,,firstVespers,secondVespers
5500,white,,,,,,,"{""lessons"": 9}","[4, 2, 6, 8, 3, 0]",,False,,15,d,,,,False,True,Os iusti,Communis,,,False,,firstVespers,secondVespers
5600,white,,,,,,,"{""lessons"": 9}","[4, 2, 6, 8, 3, 0]",,False,,15,d,,,,True,True,Si diligis me,de Apostolis,,,False,,firstVespers,secondVespers
5700,white,,,,,,,"{""lessons"": 9}","[5, 2, 6, 7, 3, 0]",,False,,16,sd,,,,False,True,"['In virtute', 'Protexisti']",Communis,,,False,,firstVespers,secondVespers
5800,red,"{""id"": 28500, ""mass"": {""int"": [""Sapientiam"", ""Sancti tui""], ""glo"": true, ""cre"": false, ""pre"": ""Communis""}}",,,,,,"{""lessons"": 9}","[0, 0, 0, 0, 0, 0]",,False,,15,d,,,,False,True,Narraverunt mihi,Communis,,,False,,firstVespers,secondVespers
5900,red,,,,,,,"{""lessons"": 3}","[0, 0, 0, 0, 0, 0]",,False,,22,s,,,,False,True,Si diligis me,de Apostolis,,,False,,firstVespers,secondVespers
6000,white,,,,,,,"{""lessons"": 9}","[4, 2, 6, 8, 3, 0]",,False,,15,d,,,,True,True,In medio ecclesiae,Communis,,,False,,firstVespers,secondVespers
6100,red,,,,,,,"{""lessons"": 9}","[0, 0, 0, 0, 0, 0]",,False,,16,sd,,,,False,True,Si diligis me,Communis,,,False,,firstVespers,secondVespers
6200,red,,,,,,,"{""lessons"": 9}","[0, 0, 0, 0, 0, 0]",,False,,16,sd,,,,False,True,Protexisti me,Communis,,,False,,firstVespers,secondVespers
6300,red,,,,,,,"{""lessons"": 9}","[0, 0, 0, 0, 0, 0]",,False,,15,d,,,,True,True,Protexisti me,Communis,,,False,,firstVespers,secondVespers
6400,red,,,,,,,"{""lessons"": 9}","[0, 0, 0, 0, 0, 0]",,False,,10,d II cl,,,,True,True,Protexisti me,de Apostolis,,,False,,firstVespers,secondVespers
6500,red,,,,,,,"{""lessons"": 9}","[0, 0, 0, 0, 0, 0]",,False,,16,sd,,,,False,True,Si diligis me,de Apostolis,,,False,,firstVespers,secondVespers
6600,white,,,,,,,"{""lessons"": 9}","[4, 2, 6, 8, 3, 0]",,False,,15,"d, mtv",,,,True,True,In medio ecclesiae,Communis,,,False,,firstVespers,secondVespers
6700,white,"{""id"": 28600, ""mass"": {""int"": [""Protexisti"", ""In virtute""], ""glo"": true, ""cre"": false, ""pre"": ""Communis""}}",,,,,,"{""lessons"": 9}","[4, 2, 6, 8, 3, 0]",,False,,15,"d, mtv",,,,False,True,Christo confixus sum,Communis,,,False,,firstVespers,secondVespers
6800,red,,,,,,,"{""lessons"": 9}","[0, 0, 0, 0, 0, 0]",,False,,15,d,,,,False,True,Protexisti,Communis,,,False,,firstVespers,secondVespers
6900,white,,,,,,,"{""lessons"": 9}","[0, 0, 0, 0, 0, 0]",,False,,15,d,,,,False,True,Dilexisti,Communis,,,False,,firstVespers,secondVespers
7000,red,,,,,,,"{""lessons"": 9}","[0, 0, 0, 0, 0, 0]",,False,,10,d II cl,,,,True,True,Clamaverunt ad te,De Apostolis,,,False,,firstVespers,secondVespers
7100,white,,,,,,,"{""lessons"": 9}","[4, 2, 6, 8, 3, 0]",,False,,15,d,,,,True,True,In medio ecclesiae,Communis,,,False,,firstVespers,secondVespers
7200,red,"{""id"": 28700, ""mass"": {""int"": ""Sancti tui"", ""glo"": true, ""cre"": false, ""pre"": ""de Apostolis""}}",,,,,,"{""lessons"": 9}","[0, 0, 0, 0, 0, 0]",,False,,10,d II cl,,,,True,True,Nos autem gloriari,De Cruce,,,False,,firstVespers,secondVespers
7300,white,,,,,,,"{""lessons"": 9}","[0, 0, 0, 0, 0, 0]",,False,,15,d,,,,False,True,"Cognovi, Domine",Communis,,,False,,firstVespers,secondVespers
7400,white,,,,,,,"{""lessons"": 9}","[4, 2, 6, 8, 3, 0]",,False,,15,"d, mtv",,,,False,True,Si diligis me,de Apostolis,,,False,,firstVespers,secondVespers
7500,white,,,,,,,"{""lessons"": 9}","[0, 0, 0, 0, 0, 0]",,False,,14,dm,,,,True,True,Protexisti me,De Apostolis,,,False,,firstVespers,secondVespers
7600,red,,,,,,,"{""lessons"": 9}","[0, 0, 0, 0, 0, 0]",,False,,15,d,,,,False,True,Protexisti me,Communis,,,False,,firstVespers,secondVespers
7700,white,,,,,,,"{""lessons"": 9}","[0, 0, 0, 0, 0, 0]",,False,,14,dm,,,,True,True,Benedicite Dominum,Communis,,,False,,firstVespers,secondVespers
7800,white,,,,,,,"{""lessons"": 9}","[4, 2, 6, 8, 3, 0]",,False,,15,d,,,,True,True,In media,Communis,,,False,,firstVespers,secondVespers
7900,white,"{""id"": 28800, ""mass"": {""int"": ""Sancti tui"", ""glo"": true, ""cre"": false, ""pre"": ""Communis""}}",,,,,,"{""lessons"": 9}","[4, 2, 6, 8, 3, 0]",,False,,15,"d, mtv",,,,False,True,Statuit ei,Communis,,,False,,firstVespers,secondVespers
8000,red,,,,,,,"{""lessons"": 9}","[5, 2, 6, 7, 3, 0]",,False,,16,sd,,,,False,True,"Ecce, oculi Domini",Communis,,,False,,firstVespers,secondVespers
8100,white,,,,,,,"{""lessons"": 9}","[4, 2, 6, 8, 3, 0]",,False,,15,"d, mtv",,,,True,True,In medio,Communis,,,False,,firstVespers,secondVespers
8200,red,,,,,,,"{""lessons"": 3}","[0, 0, 0, 0, 0, 0]",,False,,22,s,,,,False,True,Protexisti,Communis,,,False,,firstVespers,secondVespers
8300,white,,,,,,,"{""lessons"": 9}","[4, 2, 6, 8, 3, 0]",,False,,15,"d, mtv",,,,False,True,Os iusti,Communis,,,False,,firstVespers,secondVespers
8400,white,,,,,,,"{""lessons"": 9}","[4, 2, 6, 8, 3, 0]",,False,,16,sd,,,,False,True,Statuit,Communis,,,False,,firstVespers,secondVespers
8500,white,,,,,,,"{""lessons"": 9}","[4, 2, 6, 8, 3, 0]",,False,,15,d,,,,False,True,Os justi,Communis,,,False,,firstVespers,secondVespers
8600,red,,,,,,,"{""lessons"": 9}","[0, 0, 0, 0, 0, 0]",,False,,15,d,,,,False,True,"['Protexisti', 'In virtute']",Communis,,,False,,firstVespers,secondVespers
8700,white,"{""id"": 28900, ""mass"": {""int"": ""Dilexisti"", ""glo"": true, ""cre"": false, ""pre"": ""Communis""}}",,,,,,"{""lessons"": 9}","[4, 2, 6, 8, 3, 0]",,False,,15,d,,,,False,True,Si diligis me,de Apostolis,,,False,,firstVespers,secondVespers
8800,white,,,,,,,"{""lessons"": 9}","[4, 2, 6, 8, 3, 0]",,False,,16,sd,,,,False,True,Os justi,Communis,,,False,,firstVespers,secondVespers
8900,white,"{""id"": 29000, ""mass"": {""int"": ""Si diligis me"", ""glo"": true, ""cre"": false, ""pre"": ""de Apostolis""}}",,,,,,"{""lessons"": 9}","[4, 2, 6, 8, 3, 0]",,False,,15,d,,,,False,True,Si diligis me,de Apostolis,,,False,,firstVespers,secondVespers
9000,white,"{""id"": 29100, ""mass"": {""int"": ""Si diligis me"", ""glo"": true, ""cre"": false, ""pre"": ""de Apostolis""}}",,,,,,"{""lessons"": 9}","[4, 2, 6, 8, 3, 0]",,False,,15,d,,,,False,True,Caritas Dei,Communis,,,False,,firstVespers,secondVespers
9100,white,"{""id"": 29200, ""mass"": {""int"": ""Si diligis me"", ""glo"": true, ""cre"": false, ""pre"": ""de Apostolis""}}",,,,,,"{""lessons"": 9}","[4, 2, 6, 8, 3, 0]",,False,,15,"d, mtv",,,,True,True,In medio,Communis,,,False,,firstVespers,secondVespers
9200,white,,,,,,,"{""lessons"": 9}","[4, 2, 6, 8, 3, 0]",,False,,15,"d, mtv",,,,True,True,Sacerdotes,Communis,,,False,,firstVespers,secondVespers
9300,white,,,,,,,"{""lessons"": 9}","[0, 0, 0, 0, 0, 0]",,False,,16,sd,,,,False,True,Dilexisti,Communis,,,False,,firstVespers,secondVespers
9400,red,,,,,,,"{""lessons"": 3}","[0, 0, 0, 0, 0, 0]",,False,,22,s,,,,False,True,Si diligis me,de Apostolis,,,False,,firstVespers,secondVespers
9500,white,"{""id"": 29300, ""mass"": {""int"": ""Vultum tuum"", ""glo"": true, ""cre"": false, ""pre"": ""Communis""}}",,,,,,"{""lessons"": 9}","[0, 0, 0, 0, 0, 0]",,False,,10,d II cl,,,,True,True,Gaudeamus,de B Maria Virg,,,False,,firstVespers,secondVespers
9600,white,,,,,,,"{""lessons"": 9}","[0, 0, 0, 0, 0, 0]",,False,,15,d,,,,False,True,Dilexisti,Communis,,,False,,firstVespers,secondVespers
9700,red,,,,,,,"{""lessons"": 9}","[0, 0, 0, 0, 0, 0]",,False,,15,d,,,,False,True,Clamaverunt,Communis,,,False,,firstVespers,secondVespers
9800,white,,,,,,,"{""lessons"": 9}","[4, 2, 6, 8, 3, 0]",,False,,15,d,,,,False,True,Factum est,Communis,,,False,,firstVespers,secondVespers
9900,red,,,,,,,"{""lessons"": 9}","[0, 0, 0, 0, 0, 0]",,False,,15,d,,,,False,True,Exsultabo,Communis,,,False,,firstVespers,secondVespers
10000,white,,,,,,,"{""lessons"": 9}","[4, 2, 6, 8, 3, 0]",,False,,15,d,,,,False,True,Statuit,Communis,,,False,,firstVespers,secondVespers
10100,red,,,,,,,"{""lessons"": 3}","[0, 0, 0, 0, 0, 0]",,False,,22,s,,,,False,True,"['Sapientiam', 'Sancti tui']",Communis,,,False,,firstVespers,secondVespers
10200,white,,,,,,,"{""lessons"": 9}","[0, 0, 0, 0, 0, 0]",,False,,16,sd,,,,False,True,Cognovi,Communis,,,False,,firstVespers,secondVespers
10300,red,,,,,,,"{""lessons"": 9}","[0, 0, 0, 0, 0, 0]",,False,,14,dm,,,,True,True,Mihi autem,de Apostlis,,,False,,firstVespers,secondVespers
10400,white,"{""id"": 29400, ""mass"": {""int"": [""Intret in conspectu"", ""Sancti tui""], ""glo"": true, ""cre"": false, ""pre"": ""Communis""}}",,,,,,"{""lessons"": 9}","[4, 2, 6, 8, 3, 0]",,False,,15,d,,,,False,True,Os justi,Communis,,,False,,firstVespers,secondVespers
10500,white,,,,,,,"{""lessons"": 9}","[4, 2, 6, 8, 3, 0]",,False,,15,d,,,,True,True,In medio,Communis,,,False,,firstVespers,secondVespers
10600,white,,,,,,,"{""lessons"": 9}","[4, 2, 6, 8, 3, 0]",,False,,15,"d, mtv",,,,True,True,In medio,Communis,,,False,,firstVespers,secondVespers
10700,red,,,,,,,"{""lessons"": 0}","[0, 0, 0, 0, 0, 0]",,False,,22,s,,,,False,True,Multæ tribulationes,Communis,,,False,,firstVespers,secondVespers
10800,white,"{""id"": 29500, ""mass"": {""int"": ""Salus autem"", ""glo"": true, ""cre"": false, ""pre"": ""Communis""}}",,,,,,"{""lessons"": 0}","[4, 2, 6, 8, 3, 0]",,False,,15,d,,,,True,True,In medio,Communis,,,False,,firstVespers,secondVespers
10900,white,,,,,,,"{""lessons"": 0}","[0, 0, 0, 0, 0, 0]",,False,,15,d,,,,False,True,Dilexisti,Communis,,,False,,firstVespers,secondVespers
11000,red,,,,,,,"{""lessons"": 3}","[0, 0, 0, 0, 0, 0]",,False,,22,s,,,,False,True,Si diligis me,de Apostolis,,,False,,firstVespers,secondVespers
11100,white,,,,,,,"{""lessons"": 9}","[4, 2, 6, 8, 3, 0]",,False,,15,d,,,,False,True,Minuisti,Communis,,,False,,firstVespers,secondVespers
11200,white,,,,,,,"{""lessons"": 9}","[4, 2, 6, 8, 3, 0]",,False,,15,d,,,,False,True,Sacerdotes tui,Communis,,,False,,firstVespers,secondVespers
11300,white,,,,,,,"{""lessons"": 9}","[0, 0, 0, 0, 0, 0]",,False,,19,v,,,,False,False,Ne timeas,Communis,,,False,,firstVespers,secondVespers
11400,white,,,,,,,"{""lessons"": 9}","[1, 0, 4, 4, 1, 0]",,False,,2,d I cl cum Oct communi,,,,False,True,De ventre,Communis,,,False,,firstVespers,secondVespers
11500,white,,,,,,,"{""lessons"": 9}","[4, 2, 6, 8, 3, 0]",,False,,15,d,,,,False,True,Os justi,Communis,,,False,,firstVespers,secondVespers
11600,red,,,,,,,"{""lessons"": 9}","[0, 0, 0, 0, 0, 0]",,False,,15,d,,,,False,True,Multæ tribulationes,Communis,,,False,,firstVespers,secondVespers
11800,red,"{""id"": 29600, ""mass"": {""int"": ""Dicit Dominus"", ""glo"": false, ""cre"": false, ""pre"": ""Communis""}}",,,,,,"{""lessons"": 9}","[0, 0, 0, 0, 0, 0]",,False,,15,d,,,,False,True,Lex veritatis,Communis,,,False,,firstVespers,secondVespers
11900,red,,,,,,,"{""lessons"": 9}","[1, 2, 4, 5, 1, 0]",,False,,2,d I cl cum Oct communi,,,,True,True,Nunc scio,de Apostolis,,,False,,firstVespers,secondVespers
12000,red,"{""id"": 29700, ""mass"": {""int"": """", ""glo"": true, ""cre"": true, ""pre"": ""de Apostolis""}}",,,,,,"{""lessons"": 9}","[0, 0, 0, 0, 0, 0]",,False,,14,dm,,,,True,True,"Scio, cui credidi",de Apostolis,,,False,,firstVespers,secondVespers
12100,red,,,,,,,"{""lessons"": 9}","[0, 0, 0, 0, 0, 0]",,False,,2,d I cl,,,,True,True,Redemisti nos,de Cruce,,,False,,firstVespers,secondVespers
12200,white,"{""id"": 29800, ""mass"": {""int"": ""Sapientiam"", ""glo"": true, ""cre"": false, ""pre"": ""Communis""}}",,,,,,"{""lessons"": 9}","[0, 0, 0, 0, 0, 0]",,False,,10,d II cl,,,,True,True,"Salve, sancta Parens",de BMV,,,False,,firstVespers,secondVespers
12300,white,,,,,,,"{""lessons"": 9}","[0, 0, 0, 0, 0, 0]",,False,,16,sd,,,,True,True,Si diligis me,de Apostolis,,,False,,firstVespers,secondVespers
12500,white,,,,,,,"{""lessons"": 9}","[4, 2, 6, 8, 3, 0]",,False,,15,d,,,,True,True,Sermo meus,de Apostolis,,,False,,firstVespers,secondVespers
12700,white,,,,,,,"{""lessons"": 9}","[4, 2, 6, 8, 3, 0]",,False,,15,d,,,,False,True,Sacerdotes tui,Communis,,,False,,firstVespers,secondVespers
12800,white,,,,,,,"{""lessons"": 9}","[0, 0, 0, 0, 0, 0]",,False,,16,sd,,,,False,True,Cognovi,Communis,,,False,,firstVespers,secondVespers
12900,red,,,,,,,"{""lessons"": 9}","[0, 0, 0, 0, 0, 0]",,False,,16,sd,,,,False,True,"Laudate, pueri",Communis,,,False,,firstVespers,secondVespers
13000,red,,,,,,,"{""lessons"": 3}","[8, 2, 6, 8, 3, 0]",,False,,22,s,,,,False,True,Si diligis me,de Apostolis,,,False,,firstVespers,secondVespers
13100,white,"{""id"": 29900, ""mass"": {""int"": ""Salus autem"", ""glo"": true, ""cre"": false, ""pre"": ""Communis""}}",,,,,,"{""lessons"": 9}","[4, 2, 6, 8, 3, 0]",,False,,15,d,,,,False,True,Os justi,Communis,,,False,,firstVespers,secondVespers
13200,red,,,,,,,"{""lessons"": 9}","[0, 0, 0, 0, 0, 0]",,False,,16,sd,,,,False,True,Si diligis me,de Apostolis,,,False,,firstVespers,secondVespers
13300,white,,,,,,,"{""lessons"": 9}","[4, 2, 6, 8, 3, 0]",,False,,15,"d, mtv",,,,True,True,In medio,Communis,,,False,,firstVespers,secondVespers
13400,white,,,,,,,"{""lessons"": 9}","[4, 2, 6, 8, 3, 0]",,False,,16,"sd, mtv",,,,False,True,Os justi,Communis,,,False,,firstVespers,secondVespers
13500,white,,,,,,,"{""lessons"": 9}","[0, 0, 0, 0, 0, 0]",,False,,14,dm,,,,True,True,Gaudeamus, de B Maria Virg,,,False,,firstVespers,secondVespers
13600,white,,,,,,,"{""lessons"": 9}","[4, 2, 6, 8, 3, 0]",,False,,16,sd,,,,False,True,Os justi,Communis,,,False,,firstVespers,secondVespers
13700,white,"{""id"": 30000, ""mass"": {""int"": ""Clamaverunt"", ""glo"": true, ""cre"": false, ""pre"": ""Communis""}}",,,,,,"{""lessons"": 9}","[4, 2, 6, 8, 3, 0]",,False,,15,"d, mtv",,,,False,True,Majorem hac,Communis,,,False,,firstVespers,secondVespers
13800,white,,,,,,,"{""lessons"": 9}","[4, 2, 6, 8, 3, 0]",,False,,15,"d, mtv",,,,False,True,Justus ut palma,Communis,,,False,,firstVespers,secondVespers
13900,white,"{""id"": 30100, ""mass"": {""int"": ""Me expectaverunt"", ""glo"": true, ""cre"": false, ""pre"": ""Communis""}}",,,,,,"{""lessons"": 9}","[4, 2, 6, 8, 3, 0]",,False,,15,"d, mtv",,,,False,True,Effusum est,Communis,,,False,,firstVespers,secondVespers
14000,white,,,,,,,"{""lessons"": 3}","[0, 0, 0, 0, 0, 0]",,False,,22,s,,,,False,True,Loquebar,Communis,,,False,,firstVespers,secondVespers
14100,white,,,,,,,"{""lessons"": 9}","[0, 0, 0, 0, 0, 0]",,False,,15,d,,,,True,True,Me expectaverunt,Communis,,,False,,firstVespers,secondVespers
14200,red,"{""id"": 30200, ""mass"": {""int"": ""Statuit"", ""glo"": true, ""cre"": false, ""pre"": ""Communis""}}",,,,,,"{""lessons"": 9}","[0, 0, 0, 0, 0, 0]",,False,,15,d,,,,False,True,Sacerdotes Dei,Communis,,,False,,firstVespers,secondVespers
14300,purple,"{""id"": 30300, ""mass"": {""int"": ""Me expectaverunt"", ""glo"": true, ""cre"": false, ""pre"": ""Communis""}}",,,,,,"{""lessons"": 9}","[0, 0, 0, 0, 0, 0]",,False,,19,v,,,,False,False,Ego autem,Communis,,,False,,firstVespers,secondVespers
14400,red,"{""id"": 30400, ""mass"": {""int"": ""In virtute"", ""glo"": true, ""cre"": false, ""pre"": ""Communis""}}",,,,,,"{""lessons"": 9}","[0, 0, 0, 0, 0, 0]",,False,,10,d II cl,,,,True,True,Mihi autem,de Apostolis,,,False,,firstVespers,secondVespers
14500,white,,,,,,,"{""lessons"": 9}","[0, 0, 0, 0, 0, 0]",,False,,10,d II cl,,,,False,True,Gaudeamus,Communis,,,False,,firstVespers,secondVespers
14600,red,,,,,,,"{""lessons"": 3}","[0, 0, 0, 0, 0, 0]",,False,,22,s,,,,False,True,Lætabitur,Communis,,,False,,firstVespers,secondVespers
14700,red,,,,,,,"{""lessons"": 9}","[4, 2, 6, 8, 3, 0]",,False,,16,sd,,,,False,True,Intret in conspectu,Communis,,,False,,firstVespers,secondVespers
14800,white,"{""id"": 30500, ""mass"": {""int"": ""Sapientiam"", ""glo"": true, ""cre"": false, ""pre"": ""Communis""}}",,,,,,"{""lessons"": 9}","[0, 0, 0, 0, 0, 0]",,False,,16,sd,,,,False,True,Dilexisti,Communis,,,False,,firstVespers,secondVespers
14900,red,,,,,,,"{""lessons"": 3}","[0, 0, 0, 0, 0, 0]",,False,,22,s,,,,False,True,Intret in conspectu,Communis,,,False,,firstVespers,secondVespers
15000,white,,,,,,,"{""lessons"": 9}","[4, 2, 6, 8, 3, 0]",,False,,14,dm,,,,False,True,In nomine Jesu,Communis,,,False,,firstVespers,secondVespers
15100,white,"{""id"": 30600, ""mass"": {""int"": """", ""glo"": true, ""cre"": true, ""pre"": ""de Apostolis""}}","{""id"": 34700, ""mass"": {""int"": ""Clamaverunt"", ""glo"": true, ""cre"": false, ""pre"": ""Communis""}}",,,,,"{""lessons"": 9}","[0, 0, 0, 0, 0, 0]",,False,,14,dm,,,,True,True,Nunc scio vere,de Apostolis,,,False,,firstVespers,secondVespers
15200,white,"{""id"": 30700, ""mass"": {""int"": ""Si diligis me"", ""glo"": true, ""cre"": false, ""pre"": ""de Apostolis""}}",,,,,,"{""lessons"": 9}","[4, 2, 6, 8, 3, 0]",,False,,15,"d, mtv",,,,True,True,Spiritus Domini,Communis,,,False,,firstVespers,secondVespers
15300,red,,,,,,,"{""lessons"": 9}","[0, 0, 0, 0, 0, 0]",,False,,16,sd,,,,False,True,Sederunt,Communis,,,False,,firstVespers,secondVespers
15400,white,,,,,,,"{""lessons"": 9}","[4, 2, 6, 8, 3, 0]",,False,,14,"dm, mtv",,,,False,True,Os justi,Communis,,,False,,firstVespers,secondVespers
15500,white,,,,,,,"{""lessons"": 9}","[0, 0, 0, 0, 0, 0]",,False,,14,dm,,,,True,True,"Salve, sancta parens",De B Mariae Virginis,,,False,,firstVespers,secondVespers
15600,white,"{""id"": 30800, ""mass"": {""int"": ""Sapientiam"", ""glo"": true, ""cre"": false, ""pre"": ""de Apostolis""}}",,,,,,"{""lessons"": 9}","[0, 0, 0, 0, 0, 0]",,False,,11,d II cl,,,,True,True,Illuxerunt,de Nativitate,,,False,,firstVespers,secondVespers
15700,white,"{""id"": 30900, ""mass"": {""int"": ""Sacerdotes Dei"", ""glo"": true, ""cre"": false, ""pre"": ""Communis""}}",,,,,,"{""lessons"": 9}","[4, 2, 6, 8, 3, 0]",,False,,15,d,,,,False,True,Os justi,Communis,,,False,,firstVespers,secondVespers
15800,red,,,,,,,"{""lessons"": 9}","[0, 0, 0, 0, 0, 0]",,False,,16,sd,,,,False,True,Timete Dominum,Communis,,,False,,firstVespers,secondVespers
15900,white,"{""id"": 31000, ""mass"": {""int"": ""Dispersit"", ""glo"": false, ""cre"": false, ""pre"": ""Communis""}}","{""id"": 34800, ""mass"": {""int"": ""L\u00e6tabitur"", ""glo"": true, ""cre"": false, ""pre"": ""Communis""}}",,,,,"{""lessons"": 9}","[4, 2, 6, 8, 3, 0]",,False,,15,"d, mtv",,,,False,True,Os justi,Communis,,,False,,firstVespers,secondVespers
16000,red,,,,,,,"{""lessons"": 9}",,,False,,10,d II cl,,,,False,True,Confessio,Communis,,,False,,firstVespers,secondVespers
16100,red,,,,,,,"{""lessons"": 3}","[0, 0, 0, 0, 0, 0]",,False,,22,s,,,,False,True,Salus autem,Communis,,,False,,firstVespers,secondVespers
16200,white,,,,,,,"{""lessons"": 9}","[0, 0, 0, 0, 0, 0]",,False,,15,d,,,,False,True,Dilexisti,Communis,,,False,,firstVespers,secondVespers
16300,red,,,,,,,"{""lessons"": 3}","[0, 0, 0, 0, 0, 0]",,False,,22,s,,,,False,True,Salus autem,Communis,,,False,,firstVespers,secondVespers
16400,purple,"{""id"": 31100, ""mass"": {""int"": ""Justus"", ""glo"": true, ""cre"": false, ""pre"": ""Communis""}}",Spiritus Sancti,,,,,"{""lessons"": 9}","[0, 0, 0, 0, 0, 0]",,False,,19,v,,,,False,False,Vultum tuum,Communis,,,False,,firstVespers,secondVespers
16500,white,,,,,,,"{""lessons"": 9}","[1, 1, 4, 2, 1, 0]",,False,,2,d I cl cum Oct communi,,,,True,True,Signum magnum,de B Maria Virg,,,False,,firstVespers,secondVespers
16600,white,,,,,,,"{""lessons"": 9}","[0, 0, 0, 0, 0, 0]",,False,,10,"d II cl, mtv",,,,True,True,Dispersit,de B Maria Virg,,,False,,firstVespers,secondVespers
16700,white,"{""id"": 31200, ""mass"": {""int"": ""Probasti"", ""glo"": true, ""cre"": false, ""pre"": ""Communis""}}",,,,,,"{""lessons"": 9}","[4, 2, 6, 8, 3, 0]",,False,,15,"d, mtv",,,,True,True,Os justi,de B Maria Virg,,,False,,firstVespers,secondVespers
16800,red,,,,,,,"{""lessons"": 9}","[0, 0, 0, 0, 0, 0]",,False,,22,s,,,,True,True,Lætabitur,de B Maria Virg,,,False,,firstVespers,secondVespers
16900,white,,,,,,,"{""lessons"": 9}","[4, 2, 6, 8, 3, 0]",,False,,15,d,,,,True,True,Os justi,de B Maria Virg,,,False,,firstVespers,secondVespers
17000,white,,,,,,,"{""lessons"": 9}","[0, 0, 0, 0, 0, 0]",,False,,15,d,,,,True,True,In medio,de B Maria Virg,,,False,,firstVespers,secondVespers
17100,white,,,,,,,"{""lessons"": 9}","[0, 0, 0, 0, 0, 0]",,False,,15,d,,,,True,True,Cognovi,de B Maria Virg,,,False,,firstVespers,secondVespers
17200,white,"{""id"": 31300, ""mass"": {""int"": ""Salus autem"", ""glo"": true, ""cre"": false, ""pre"": ""Communis""}}",,,,,,"{""lessons"": 9}","[0, 0, 0, 0, 0, 0]",,False,,10,d II cl,,,,True,True,Adeamus,de B Maria Virg,,,False,,firstVespers,secondVespers
17300,white,"{""id"": 31400, ""mass"": {""int"": ""Ego autem"", ""glo"": false, ""cre"": false, ""pre"": ""Communis""}}",,,,,,"{""lessons"": 9}","[4, 2, 6, 8, 3, 0]",,False,,19,"d, mtv",,,,False,True,Justus,Communis,,,False,,firstVespers,secondVespers
17400,red,,,,,,,"{""lessons"": 9}","[0, 0, 0, 0, 0, 0]",,False,,10,d II cl,,,,True,True,Mihi autem,de Apostolis,,,False,,firstVespers,secondVespers
17500,white,,,,,,,"{""lessons"": 9}","[4, 2, 6, 8, 3, 0]",,False,,16,sd,,,,False,True,Os justi,Communis,,,False,,firstVespers,secondVespers
17600,red,,,,,,,"{""lessons"": 9}","[0, 0, 0, 0, 0, 0]",,False,,16,sd,,,,False,True,Si diligis me,de Apostolis,,,False,,firstVespers,secondVespers
17700,white,,,,,,,"{""lessons"": 9}","[4, 2, 6, 8, 3, 0]",,False,,15,"d, mtv",,,,False,True,"Venite, filii",Communis,,,False,,firstVespers,secondVespers
17800,white,"{""id"": 31500, ""mass"": {""int"": ""L\u00e6tabitur"", ""glo"": true, ""cre"": false, ""pre"": ""Communis""}}",,,,,,"{""lessons"": 9}","[4, 2, 6, 8, 3, 0]",,False,,15,d,,,,True,True,In medio,Communis,,,False,,firstVespers,secondVespers
17900,white,"{""id"": 31600, ""mass"": {""int"": ""Me expectaverunt"", ""glo"": true, ""cre"": false, ""pre"": ""Communis""}}",,,,,,"{""lessons"": 9}","[0, 0, 0, 0, 0, 0]",,False,,14,dm,,,,False,True,Loquebar,Communis,,,False,,firstVespers,secondVespers
18000,white,"{""id"": 31700, ""mass"": {""int"": ""Sapientiam"", ""glo"": true, ""cre"": false, ""pre"": ""Communis""}}",,,,,,"{""lessons"": 9}","[0, 0, 0, 0, 0, 0]",,False,,15,d,,,,False,True,Dilexisti,Communis,,,False,,firstVespers,secondVespers
18100,white,,,,,,,"{""lessons"": 9}","[4, 2, 6, 8, 3, 0]",,False,,15,"d, mtv",,,,False,True,Os justi,Communis,,,False,,firstVespers,secondVespers
18200,white,"{""id"": 31800, ""mass"": {""int"": ""Clamaverunt"", ""glo"": true, ""cre"": false, ""pre"": ""Communis""}}",,,,,,"{""lessons"": 3}","[4, 2, 6, 8, 3, 0]",,False,,22,s,,,,False,True,Os justi,Communis,,,False,,firstVespers,secondVespers
18300,white,,,,,,,"{""lessons"": 9}","[4, 2, 6, 8, 3, 0]",,False,,16,"sd, mtv",,,,False,True,Os justi,Communis,,,False,,firstVespers,secondVespers
18400,white,,,,,,,"{""lessons"": 9}","[4, 2, 6, 8, 3, 0]",,False,,15,"d, mtv",,,,False,True,Extuli,de Apostolis,,,False,,firstVespers,secondVespers
18500,white,,,,,,,"{""lessons"": 9}","[4, 2, 6, 8, 3, 0]",,False,,16,"sd, mtv",,,,False,True,Statuit ei,Communis,,,False,,firstVespers,secondVespers
18600,white,"{""id"": 31900, ""mass"": {""int"": ""In virtute"", ""glo"": true, ""cre"": false, ""pre"": ""Communis""}}",,,,,,"{""lessons"": 9}","[0, 0, 0, 0, 0, 0]",,False,,10,d II cl,,,,True,True,"Salve, sancta Parens",de B Maria Virg,,,False,,firstVespers,secondVespers
18700,white,,,,,,,"{""lessons"": 3}","[0, 0, 0, 0, 0, 0]",,False,,22,s,,,,False,True,Lætabitur,Communis,,,False,,firstVespers,secondVespers
18800,white,,,,,,,"{""lessons"": 9}","[4, 2, 6, 8, 3, 0]",,False,,15,d,,,,False,True,Justus,Communis,,,False,,firstVespers,secondVespers
18900,red,,,,,,,"{""lessons"": 3}","[0, 0, 0, 0, 0, 0]",,False,,22,s,,,,False,True,Salus autem,Communis,,,False,,firstVespers,secondVespers
19000,white,,,,,,,"{""lessons"": 9}","[0, 0, 0, 0, 0, 0]",,False,,14,dm,,,,True,True,Vultum tuum,de B Maria Virg,,,False,,firstVespers,secondVespers
19100,red,,,,,,,"{""lessons"": 9}",,,False,,14,dm,,,,True,True,Nos autem,de Cruce,,,False,,firstVespers,secondVespers
19200,white,"{""id"": 32000, ""mass"": {""int"": ""In virtute"", ""glo"": true, ""cre"": false, ""pre"": ""Communis""}}",,,,,,"{""lessons"": 9}","[0, 0, 0, 0, 0, 0]",,False,,10,d II cl,,,,True,True,Stabant,de B Maria Virg,Stabat Mater,,False,,firstVespers,secondVespers
19300,red,"{""id"": 32100, ""mass"": {""int"": ""Intret"", ""glo"": true, ""cre"": false, ""pre"": ""Communis""}}",,,,,,"{""lessons"": 9}","[0, 0, 0, 0, 0, 0]",,False,,16,sd,,,,False,True,Intret,de Apostolis,,,False,,firstVespers,secondVespers
19400,white,,,,,,,"{""lessons"": 9}","[4, 2, 6, 8, 3, 0]",,False,,15,d,,,,False,True,Mihi autem,Communis,,,False,,firstVespers,secondVespers
19500,white,,,,,,,"{""lessons"": 9}","[4, 2, 6, 8, 3, 0]",,False,,15,d,,,,False,True,Dilectio,Communis,,,False,,firstVespers,secondVespers
19600,red,,,,,,,"{""lessons"": 9}","[0, 0, 0, 0, 0, 0]",,False,,15,d,,,,False,True,Salus autem,Communis,,,False,,firstVespers,secondVespers
19700,red,"{""id"": 32200, ""mass"": {""int"": ""Ego autem"", ""glo"": true, ""cre"": false, ""pre"": ""Communis""}}",,,,,,"{""lessons"": 9}","[0, 0, 0, 0, 0, 0]",,False,,15,d,,,,False,True,Sapientiam,Communis,,,False,,firstVespers,secondVespers
19800,red,,,,,,,"{""lessons"": 9}","[0, 0, 0, 0, 0, 0]",,False,,10,d II cl,,,,True,True,Os justi,de Apostolis,,,False,,firstVespers,secondVespers
19900,white,"{""id"": 32300, ""mass"": {""int"": ""Intret"", ""glo"": true, ""cre"": false, ""pre"": ""Communis""}}",,,,,,"{""lessons"": 9}","[4, 2, 6, 8, 3, 0]",,False,,15,"d, mtv",,,,False,True,Statuit,Communis,,,False,,firstVespers,secondVespers
20000,red,"{""id"": 32400, ""mass"": {""int"": ""Loquebar"", ""glo"": true, ""cre"": false, ""pre"": ""Communis""}}",,,,,,"{""lessons"": 9}","[0, 0, 0, 0, 0, 0]",,False,,16,sd,,,,False,True,Si diligis me,Communis,,,False,,firstVespers,secondVespers
20100,white,,,,,,,"{""lessons"": 9}","[0, 0, 0, 0, 0, 0]",,False,,14,dm,,,,True,True,Salve,de B Maria Virg,,,False,,firstVespers,secondVespers
20200,red,,,,,,,"{""lessons"": 3}","[0, 0, 0, 0, 0, 0]",,False,,22,s,,,,False,True,Salus autem,Communis,,,False,,firstVespers,secondVespers
20300,red,,,,,,,"{""lessons"": 9}","[0, 0, 0, 0, 0, 0]",,False,,16,sd,,,,False,True,Sapientiam,Communis,,,False,,firstVespers,secondVespers
20400,red,,,,,,,"{""lessons"": 9}","[0, 0, 0, 0, 0, 0]",,False,,16,sd,,,,False,True,In virtute,Communis,,,False,,firstVespers,secondVespers
20500,white,,,,,,,"{""lessons"": 9}","[0, 0, 0, 0, 0, 0]",,False,,2,d I cl,,,,True,True,Benedicite,Communis,,,False,,firstVespers,secondVespers
20600,white,,,,,,,"{""lessons"": 9}","[4, 2, 6, 8, 3, 0]",,False,,15,d,,,,True,True,In medio,Communis,,,False,,firstVespers,secondVespers
20700,white,,,,,,,"{""lessons"": 3}","[4, 2, 6, 8, 3, 0]",,False,,22,s,,,,False,True,Statuit,Communis,,,False,,firstVespers,secondVespers
20800,white,,,,,,,"{""lessons"": 9}","[0, 0, 0, 0, 0, 0]",,False,,14,dm,,,,True,True,Benedicite,Communis,,,False,,firstVespers,secondVespers
20900,white,,,,,,,"{""lessons"": 9}","[0, 0, 0, 0, 0, 0]",,False,,15,d,,,,False,True,Veni de Libano,Communis,,,False,,firstVespers,secondVespers
21000,white,,,,,,,"{""lessons"": 9}","[4, 2, 6, 8, 3, 0]",,False,,14,dm,,,,False,True,Mihi autem,Communis,,,False,,firstVespers,secondVespers
21100,red,,,,,,,"{""lessons"": 3}","[0, 0, 0, 0, 0, 0]",,False,,22,s,,,,False,True,Salus autem,Communis,,,False,,firstVespers,secondVespers
21200,white,,,,,,,"{""lessons"": 9}","[4, 2, 6, 8, 3, 0]",,False,,15,d,,,,False,True,Os justi,Communis,,,False,,firstVespers,secondVespers
21300,white,"{""id"": 32500, ""mass"": {""int"": ""Si diligis me"", ""glo"": true, ""cre"": false, ""pre"": ""de Apostolis""}}","{""id"": 34900, ""mass"": {""int"": ""Sapientiam"", ""glo"": true, ""cre"": false, ""pre"": ""Communis""}}",,,,,"{""lessons"": 9}","[0, 0, 0, 0, 0, 0]",,False,,10,d II cl,,,,True,True,Gaudeamus,de B Maria Virg,,,False,,firstVespers,secondVespers
21400,white,,,,,,,"{""lessons"": 9}","[0, 0, 0, 0, 0, 0]",,False,,15,d,,,,False,True,Cognovi,Communis,,,False,,firstVespers,secondVespers
21500,white,"{""id"": 32600, ""mass"": {""int"": ""Sapientiam"", ""glo"": true, ""cre"": false, ""pre"": ""Communis""}}",,,,,,"{""lessons"": 9}","[4, 2, 6, 8, 3, 0]",,False,,15,d,,,,False,True,In sermonibus,Communis,,,False,,firstVespers,secondVespers
21600,white,,,,,,,"{""lessons"": 9}","[4, 2, 6, 8, 3, 0]",,False,,16,"sd, mtv",,,,False,True,Os justi,Communis,,,False,,firstVespers,secondVespers
21700,white,,,,,,,"{""lessons"": 9}","[0, 0, 0, 0, 0, 0]",,False,,10,d II cl,,,,True,True,Ecce Virgo,de B Maria Virg,,,False,,firstVespers,secondVespers
21800,white,,,,,,,"{""lessons"": 9}","[4, 2, 6, 8, 3, 0]",,False,,16,sd,,,,False,True,Os justi,Communis,,,False,,firstVespers,secondVespers
21900,red,,,,,,,"{""lessons"": 9}","[0, 0, 0, 0, 0, 0]",,False,,15,d,,,,False,True,Si diligis me,Communis,,,False,,firstVespers,secondVespers
22000,white,,,,,,,"{""lessons"": 9}","[0, 0, 0, 0, 0, 0]",,False,,15,d,,,,False,True,Dilexisti,Communis,,,False,,firstVespers,secondVespers
22100,white,,,,,,,"{""lessons"": 9}","[0, 0, 0, 0, 0, 0]",,False,,16,sd,,,,False,True,Cognovi,Communis,,,False,,firstVespers,secondVespers
22200,white,,,,,,,"{""lessons"": 9}","[0, 0, 0, 0, 0, 0]",,False,,15,d,,,,False,True,Sub umbra,Communis,,,False,,firstVespers,secondVespers
22300,red,,,,,,,"{""lessons"": 9}","[0, 0, 0, 0, 0, 0]",,False,,10,d II cl,,,,True,True,Mihi autem,de Apostolis,,,False,,firstVespers,secondVespers
22400,white,,,,,,,"{""lessons"": 9}","[4, 2, 6, 8, 3, 0]",,False,,15,"d, mtv",,,,False,True,Justus ut palma,Communis,,,False,,firstVespers,secondVespers
22500,white,,,,,,,"{""lessons"": 9}","[4, 2, 6, 8, 3, 0]",,False,,15,d,,,,False,True,Miseratio hominis,Communis,,,False,,firstVespers,secondVespers
22600,white,"{""id"": 32700, ""mass"": {""int"": ""Loquebar"", ""glo"": true, ""cre"": false, ""pre"": ""Communis""}}",,,,,,"{""lessons"": 3}","[4, 2, 6, 8, 3, 0]",,False,,22,s,,,,False,True,Os justi,Communis,,,False,,firstVespers,secondVespers
22700,white,,,,,,,"{""lessons"": 9}","[0, 0, 0, 0, 0, 0]",,False,,14,dm,,,,True,True,Benedicite,Communis,,,False,,firstVespers,secondVespers
22800,red,,,,,,,"{""lessons"": 3}","[0, 0, 0, 0, 0, 0]",,False,,22,s,,,,False,True,Intret,Communis,,,False,,firstVespers,secondVespers
22900,red,,,,,,,"{""lessons"": 3}","[0, 0, 0, 0, 0, 0]",,False,,22,s,,,,False,True,Si diligis me,de Apostolis,,,False,,firstVespers,secondVespers
23000,purple,,,,,,,"{""lessons"": 9}","[0, 0, 0, 0, 0, 0]",,False,,19,v,,,,False,False,Intret,Communis,,,False,,firstVespers,secondVespers
23100,red,,,,,,,"{""lessons"": 9}","[0, 0, 0, 0, 0, 0]",,False,,10,d II cl,,,,True,True,Mihi autem,de Apostolis,,,False,,firstVespers,secondVespers
23200,purple,,,,,,,"{""lessons"": 9}","[0, 0, 0, 0, 0, 0]",,False,,19,v,,,,False,False,Judicant,Communis,,,False,,firstVespers,secondVespers
23300,white,,,,,,,"{""lessons"": 9}","[1, 1, 4, 3, 1, 0]",,False,,2,d I cl cum Oct communi,,,,True,True,Gaudeamus,Communis,,,False,,firstVespers,secondVespers
23400,black,,,,,,,"{""lessons"": 9}","[0, 0, 0, 0, 0, 0]",,False,,15,d,"{'int': 'Requiem', 'glo': False, 'seq': 'Dies Iræ', 'cre': False, 'pre': 'Defunctorum'}","{'int': 'Requiem', 'glo': False, 'seq': 'Dies Iræ', 'cre': False, 'pre': 'Defunctorum'}","{'int': 'Requiem', 'glo': False, 'seq': 'Dies Iræ', 'cre': False, 'pre': 'Defunctorum'}",,,,,,,False,,firstVespers,secondVespers
23500,white,"{""id"": 32800, ""mass"": {""int"": """", ""glo"": true, ""cre"": true, ""pre"": ""Communis""}}",,,,,,"{""lessons"": 9}","[4, 2, 6, 8, 3, 0]",,False,,15,d,,,,True,True,Statuit ei,Communis,,,False,,firstVespers,secondVespers
23700,white,"{""id"": 32900, ""mass"": {""int"": ""Laetabitur"", ""glo"": true, ""cre"": false, ""pre"": ""Communis""}}",,,,,,"{""lessons"": 9}","[0, 0, 0, 0, 0, 0]",,False,,10,d II cl,,,,True,True,Terribilis,Communis,,,False,,firstVespers,secondVespers
23800,white,"{""id"": 33000, ""mass"": {""int"": ""Clamaverunt"", ""glo"": true, ""cre"": false, ""pre"": ""Communis""}}",,,,,,"{""lessons"": 9}","[4, 2, 6, 8, 3, 0]",,False,,15,d,,,,False,True,Os justi,Communis,,,False,,firstVespers,secondVespers
23900,white,"{""id"": 33100, ""mass"": {""int"": ""Laetabitur"", ""glo"": true, ""cre"": false, ""pre"": ""Communis""}}",,,,,,"{""lessons"": 9}","[4, 2, 6, 8, 3, 0]",,False,,15,d,,,,False,True,Statuit ei,Communis,,,False,,firstVespers,secondVespers
24000,red,,,,,,,"{""lessons"": 9}","[0, 0, 0, 0, 0, 0]",,False,,16,sd,,,,False,True,Si diligis me,de Apostolis,,,False,,firstVespers,secondVespers
24100,white,,,,,,,"{""lessons"": 9}","[4, 2, 6, 8, 3, 0]",,False,,16,sd,,,,False,True,Justus,Communis,,,False,,firstVespers,secondVespers
24200,red,,,,,,,"{""lessons"": 9}","[4, 2, 6, 8, 3, 0]",,False,,15,d,,,,False,True,Gaudeamus,Communis,,,False,,firstVespers,secondVespers
24300,white,,,,,,,"{""lessons"": 9}","[4, 2, 6, 8, 3, 0]",,False,,15,d,,,,True,True,In medio,Communis,,,False,,firstVespers,secondVespers
24400,white,,,,,,,"{""lessons"": 9}","[0, 0, 0, 0, 0, 0]",,False,,15,d,,,,False,True,Dilexisti,Communis,,,False,,firstVespers,secondVespers
24500,white,,,,,,,"{""lessons"": 9}","[4, 2, 6, 8, 3, 0]",,False,,16,sd,,,,False,True,Statuit,Communis,,,False,,firstVespers,secondVespers
24600,white,,,,,,,"{""lessons"": 9}","[0, 0, 0, 0, 0, 0]",,False,,14,dm,,,,True,True,Terribilis,de Apostolis,,,False,,firstVespers,secondVespers
24700,white,"{""id"": 33200, ""mass"": {""int"": ""Si diligis me"", ""glo"": true, ""cre"": false, ""pre"": ""de Apostolis""}}",,,,,,"{""lessons"": 9}","[0, 0, 0, 0, 0, 0]",,False,,15,d,,,,False,True,Cognovi,Communis,,,False,,firstVespers,secondVespers
24800,white,,,,,,,"{""lessons"": 9}","[4, 2, 6, 8, 3, 0]",,False,,15,d,,,,False,True,Justus,Communis,,,False,,firstVespers,secondVespers
24900,white,,,,,,,"{""lessons"": 9}","[0, 0, 0, 0, 0, 0]",,False,,14,dm,,,,True,True,Salve,de B Maria Virg,,,False,,firstVespers,secondVespers
25000,red,,,,,,,"{""lessons"": 9}","[0, 0, 0, 0, 0, 0]",,False,,15,d,,,,False,True,Loquebar,Communis,,,False,,firstVespers,secondVespers
25100,red,"{""id"": 33300, ""mass"": {""int"": ""Me exspectaverunt"", ""glo"": true, ""cre"": false, ""pre"": ""Communis""}}",,,,,,"{""lessons"": 9}","[0, 0, 0, 0, 0, 0]",,False,,15,d,,,,False,True,Dicit Dóminus,de Apostolis,,,False,,firstVespers,secondVespers
25200,white,"{""id"": 33400, ""mass"": {""int"": """", ""glo"": true, ""cre"": false, ""pre"": ""Communis""}}",,,,,,"{""lessons"": 9}","[4, 2, 6, 8, 3, 0]",,False,,15,"d, mtv",,,,True,True,In medio,Communis,,,False,,firstVespers,secondVespers
25300,red,,,,,,,"{""lessons"": 9}","[0, 0, 0, 0, 0, 0]",,False,,15,d,,,,False,True,Loquebar,Communis,,,False,,firstVespers,secondVespers
25400,white,"{""id"": 33500, ""mass"": {""int"": """", ""glo"": true, ""cre"": false, ""pre"": ""Communis""}}",,,,,,"{""lessons"": 9}","[4, 2, 6, 8, 3, 0]",,False,,15,d,,,,False,True,Os justi,Communis,,,False,,firstVespers,secondVespers
25500,purple,"{""id"": 33600, ""mass"": {""int"": ""Laetabitur"", ""glo"": true, ""cre"": false, ""pre"": ""Communis""}}",,,,,,"{""lessons"": 9}","[0, 0, 0, 0, 0, 0]",,False,,22,v,,,,False,False,Dominus secus,Communis,,,False,,firstVespers,secondVespers
25600,red,,,,,,,"{""lessons"": 9}","[0, 0, 0, 0, 0, 0]",,False,,10,d II cl,,,,True,True,Mihi autem,de Apostolis,,,False,,firstVespers,secondVespers
25800,red,,,,,,,"{""lessons"": 9}","[0, 0, 0, 0, 0, 0]",,False,,16,sd,,,,False,True,Me expectaverunt,Communis,,,False,,firstVespers,secondVespers
25900,white,,,,,,,"{""lessons"": 9}","[4, 2, 6, 8, 3, 0]",,False,,14,"dm, mtv",,,,False,True,Loquebar,Communis,,,False,,firstVespers,secondVespers
26000,white,"{""id"": 33700, ""mass"": {""int"": ""Loquebar"", ""glo"": true, ""cre"": false, ""pre"": ""Communis""}}",,,,,,"{""lessons"": 9}","[4, 2, 6, 8, 3, 0]",,False,,15,d,,,,True,True,In medio,Communis,,,False,,firstVespers,secondVespers
26100,white,,,,,,,"{""lessons"": 3}","[4, 2, 6, 8, 3, 0]",,False,,22,s,,,,False,True,Os justi,Communis,,,False,,firstVespers,secondVespers
26200,white,"{""id"": 33800, ""rank"": [19, ""v""], ""nobility"": [0, 0, 0, 0, 0, 0], ""office_type"": false, ""color"": ""purple"", ""mass"": {""int"": ""Venite, audite"", ""glo"": false, ""cre"": false, ""pre"": ""Communis""}, ""matins"": {""lessons"": 9}, ""lauds"": {}, ""prime"": {}, ""little_hours"": {}, ""vespers"": {""proper"": false, ""admag"": [""firstVespers"", ""secondVespers""], ""propers"": {}, ""oration"": """"}, ""compline"": {}}",,,,,,"{""lessons"": 9}","[4, 2, 6, 8, 3, 0]",,False,,15,d,,,,False,True,Statuit ei,Communis,,,False,,firstVespers,secondVespers
26300,white,,,,,,,"{""lessons"": 9}","[4, 2, 6, 8, 3, 0]",,False,,15,"d, mtv",,,,True,True,In medio,Communis,,,False,,firstVespers,secondVespers
26400,white,,,,,,,"{""lessons"": 9}","[0, 0, 0, 0, 0, 0]",4,False,,2,d I cl cum Oct communi,,,,True,True,Gaudens gaudebo,de B Maria Virg,,,False,,firstVespers,secondVespers
26600,red,,,,,,,"{""lessons"": 3}","[0, 0, 0, 0, 0, 0]",,False,,22,s,,,,True,True,Si diligis me,de B Maria Virg,,,False,,firstVespers,secondVespers
26700,white,,,,,,,"{""lessons"": 9}","[4, 2, 6, 8, 3, 0]",,False,,16,sd,,,,True,True,Si diligis me,de B Maria Virg,,,False,,firstVespers,secondVespers
26900,red,,,,,,,"{""lessons"": 9}","[0, 0, 0, 0, 0, 0]",,False,,15,d,,,,True,True,Dilexisti,de B Maria Virg,,,False,,firstVespers,secondVespers
27000,red,,,,,,,"{""lessons"": 9}","[0, 0, 0, 0, 0, 0]",,False,,16,sd,,,,False,True,Sacerdotes Dei,Communis,,,False,,firstVespers,secondVespers
27100,purple,,,,,,,"{""lessons"": 9}","[8, 2, 6, 5, 3, 0]",,False,,22,v,,,,False,False,Ego autem,Communis,,,False,,firstVespers,secondVespers
27200,red,,,,,,,"{""lessons"": 9}","[0, 0, 0, 0, 0, 0]",,False,,10,d II cl,,,,True,True,Mihi autem,de Apostolis,,,False,,firstVespers,secondVespers
